--------------------------------------------------------
--  File created - Friday-May-31-2019   
--------------------------------------------------------
REM INSERTING into SYSTEM.DOCTOR
SET DEFINE OFF;
Insert into SYSTEM.DOCTOR (EID_DOC) values (1752000);
Insert into SYSTEM.DOCTOR (EID_DOC) values (1752015);
Insert into SYSTEM.DOCTOR (EID_DOC) values (1752025);
Insert into SYSTEM.DOCTOR (EID_DOC) values (1752159);
Insert into SYSTEM.DOCTOR (EID_DOC) values (1752259);
REM INSERTING into SYSTEM.EMP_PHONE
SET DEFINE OFF;
Insert into SYSTEM.EMP_PHONE (EID,EPHONE) values (1752000,128);
Insert into SYSTEM.EMP_PHONE (EID,EPHONE) values (1752015,789);
Insert into SYSTEM.EMP_PHONE (EID,EPHONE) values (1752025,123);
Insert into SYSTEM.EMP_PHONE (EID,EPHONE) values (1752255,127);
Insert into SYSTEM.EMP_PHONE (EID,EPHONE) values (1752259,456);
Insert into SYSTEM.EMP_PHONE (EID,EPHONE) values (1752267,124);
Insert into SYSTEM.EMP_PHONE (EID,EPHONE) values (1752290,125);
Insert into SYSTEM.EMP_PHONE (EID,EPHONE) values (1752567,126);
REM INSERTING into SYSTEM.DEPARTMENT
SET DEFINE OFF;
Insert into SYSTEM.DEPARTMENT (DID,"DTitle",EID) values (1,'A&E',1752025);
Insert into SYSTEM.DEPARTMENT (DID,"DTitle",EID) values (2,'Anaesthetics',1752159);
Insert into SYSTEM.DEPARTMENT (DID,"DTitle",EID) values (3,'Breast screening',1752259);
Insert into SYSTEM.DEPARTMENT (DID,"DTitle",EID) values (4,'Cardiology',1752015);
REM INSERTING into SYSTEM.EMPLOYEE
SET DEFINE OFF;
Insert into SYSTEM.EMPLOYEE (EID,EFNAME,ELNAME,EDOB,EGENDER,ESPECIALITY,EADDRESS,ESTARTDATE,DID) values (1752025,'Khoa','Tran',to_date('13-MAY-99','DD-MON-RR'),'m','Allergists','HIMLAM',to_date('07-MAY-19','DD-MON-RR'),1);
Insert into SYSTEM.EMPLOYEE (EID,EFNAME,ELNAME,EDOB,EGENDER,ESPECIALITY,EADDRESS,ESTARTDATE,DID) values (1752159,'Dat','Doan',to_date('30-SEP-99','DD-MON-RR'),'m','Nephrology','Dom',to_date('07-MAY-19','DD-MON-RR'),2);
Insert into SYSTEM.EMPLOYEE (EID,EFNAME,ELNAME,EDOB,EGENDER,ESPECIALITY,EADDRESS,ESTARTDATE,DID) values (1752259,'Hung','Nguyen',to_date('04-SEP-99','DD-MON-RR'),'m','Sports medicine','Binh Tan
',to_date('07-MAY-19','DD-MON-RR'),3);
Insert into SYSTEM.EMPLOYEE (EID,EFNAME,ELNAME,EDOB,EGENDER,ESPECIALITY,EADDRESS,ESTARTDATE,DID) values (1752015,'Duc','Sy',to_date('05-MAY-99','DD-MON-RR'),'m','Radiology','Q3',to_date('07-MAY-19','DD-MON-RR'),4);
Insert into SYSTEM.EMPLOYEE (EID,EFNAME,ELNAME,EDOB,EGENDER,ESPECIALITY,EADDRESS,ESTARTDATE,DID) values (1752267,'Hung','Vu ',to_date('23-AUG-99','DD-MON-RR'),'m','Geriatrics','Dom',to_date('07-MAY-19','DD-MON-RR'),1);
Insert into SYSTEM.EMPLOYEE (EID,EFNAME,ELNAME,EDOB,EGENDER,ESPECIALITY,EADDRESS,ESTARTDATE,DID) values (1752290,'Khoa','Bui',to_date('22-OCT-99','DD-MON-RR'),'m','Allergy and immunology','Cu Chi',to_date('07-MAY-19','DD-MON-RR'),2);
Insert into SYSTEM.EMPLOYEE (EID,EFNAME,ELNAME,EDOB,EGENDER,ESPECIALITY,EADDRESS,ESTARTDATE,DID) values (1752567,'Tri','Nguyen',to_date('02-JUN-99','DD-MON-RR'),'m','Urology','q8',to_date('07-MAY-19','DD-MON-RR'),3);
Insert into SYSTEM.EMPLOYEE (EID,EFNAME,ELNAME,EDOB,EGENDER,ESPECIALITY,EADDRESS,ESTARTDATE,DID) values (1752255,'Hung','Le',to_date('01-JAN-19','DD-MON-RR'),'m','Rheumatology','binh thanh',to_date('07-MAY-19','DD-MON-RR'),4);
Insert into SYSTEM.EMPLOYEE (EID,EFNAME,ELNAME,EDOB,EGENDER,ESPECIALITY,EADDRESS,ESTARTDATE,DID) values (1752000,'Nguyen Van','A',to_date('01-JAN-19','DD-MON-RR'),'m','Urology','q8',to_date('07-MAY-19','DD-MON-RR'),1);
REM INSERTING into SYSTEM.EXAMINATION
SET DEFINE OFF;
Insert into SYSTEM.EXAMINATION (EID_DOC,PID_OUT,EXID,EXDATE,EXFEE,EXDIAGNOSIS,EXSECONDEXAMINATIONDATE) values (1752025,5,15,to_date('15-MAY-19','DD-MON-RR'),120,'da',to_date('23-MAY-19','DD-MON-RR'));
Insert into SYSTEM.EXAMINATION (EID_DOC,PID_OUT,EXID,EXDATE,EXFEE,EXDIAGNOSIS,EXSECONDEXAMINATIONDATE) values (1752159,6,16,to_date('15-MAY-19','DD-MON-RR'),130,'db',to_date('23-MAY-19','DD-MON-RR'));
Insert into SYSTEM.EXAMINATION (EID_DOC,PID_OUT,EXID,EXDATE,EXFEE,EXDIAGNOSIS,EXSECONDEXAMINATIONDATE) values (1752025,7,17,to_date('15-MAY-19','DD-MON-RR'),140,'dc',to_date('23-MAY-19','DD-MON-RR'));
Insert into SYSTEM.EXAMINATION (EID_DOC,PID_OUT,EXID,EXDATE,EXFEE,EXDIAGNOSIS,EXSECONDEXAMINATIONDATE) values (1752159,8,19,to_date('15-MAY-19','DD-MON-RR'),150,'dd',to_date('23-MAY-19','DD-MON-RR'));
Insert into SYSTEM.EXAMINATION (EID_DOC,PID_OUT,EXID,EXDATE,EXFEE,EXDIAGNOSIS,EXSECONDEXAMINATIONDATE) values (1752025,5,20,to_date('27-MAY-19','DD-MON-RR'),100,'sick',to_date('27-MAY-19','DD-MON-RR'));
Insert into SYSTEM.EXAMINATION (EID_DOC,PID_OUT,EXID,EXDATE,EXFEE,EXDIAGNOSIS,EXSECONDEXAMINATIONDATE) values (1752025,19,20,to_date('12-APR-19','DD-MON-RR'),500,'normal',to_date('13-APR-19','DD-MON-RR'));
Insert into SYSTEM.EXAMINATION (EID_DOC,PID_OUT,EXID,EXDATE,EXFEE,EXDIAGNOSIS,EXSECONDEXAMINATIONDATE) values (1752025,5,21,to_date('12-JUL-19','DD-MON-RR'),30,'normal',to_date('13-JUL-19','DD-MON-RR'));
Insert into SYSTEM.EXAMINATION (EID_DOC,PID_OUT,EXID,EXDATE,EXFEE,EXDIAGNOSIS,EXSECONDEXAMINATIONDATE) values (1752000,14,23,to_date('23-APR-19','DD-MON-RR'),900,'normal',to_date('24-APR-99','DD-MON-RR'));
REM INSERTING into SYSTEM.INPATIENT
SET DEFINE OFF;
Insert into SYSTEM.INPATIENT (PID_IN,PADMISSIONDATE,PDISCHARGEDATE,PDIAGNOSIS,PSICKROOM,PFEE,EID_DOC,EID_NUR) values (9,to_date('23-MAY-19','DD-MON-RR'),to_date('23-MAY-19','DD-MON-RR'),'as',12,13.31,1752259,1752267);
Insert into SYSTEM.INPATIENT (PID_IN,PADMISSIONDATE,PDISCHARGEDATE,PDIAGNOSIS,PSICKROOM,PFEE,EID_DOC,EID_NUR) values (10,to_date('23-MAY-19','DD-MON-RR'),to_date('23-MAY-19','DD-MON-RR'),'ad',13,133.1,1752015,1752290);
Insert into SYSTEM.INPATIENT (PID_IN,PADMISSIONDATE,PDISCHARGEDATE,PDIAGNOSIS,PSICKROOM,PFEE,EID_DOC,EID_NUR) values (11,to_date('31-AUG-16','DD-MON-RR'),to_date('31-AUG-16','DD-MON-RR'),'af',14,10,1752259,1752567);
Insert into SYSTEM.INPATIENT (PID_IN,PADMISSIONDATE,PDISCHARGEDATE,PDIAGNOSIS,PSICKROOM,PFEE,EID_DOC,EID_NUR) values (12,to_date('31-AUG-16','DD-MON-RR'),to_date('31-AUG-16','DD-MON-RR'),'ag',15,100,1752000,1752255);
Insert into SYSTEM.INPATIENT (PID_IN,PADMISSIONDATE,PDISCHARGEDATE,PDIAGNOSIS,PSICKROOM,PFEE,EID_DOC,EID_NUR) values (13,to_date('27-MAY-19','DD-MON-RR'),to_date('28-JUN-19','DD-MON-RR'),'sick',13,11,1752025,1752290);
Insert into SYSTEM.INPATIENT (PID_IN,PADMISSIONDATE,PDISCHARGEDATE,PDIAGNOSIS,PSICKROOM,PFEE,EID_DOC,EID_NUR) values (16,to_date('12-MAY-99','DD-MON-RR'),to_date('12-MAY-99','DD-MON-RR'),'sd',12,20,1752025,1752567);
Insert into SYSTEM.INPATIENT (PID_IN,PADMISSIONDATE,PDISCHARGEDATE,PDIAGNOSIS,PSICKROOM,PFEE,EID_DOC,EID_NUR) values (32,to_date('26-FEB-19','DD-MON-RR'),to_date('23-FEB-19','DD-MON-RR'),'sick',26,220,1752025,1752255);
Insert into SYSTEM.INPATIENT (PID_IN,PADMISSIONDATE,PDISCHARGEDATE,PDIAGNOSIS,PSICKROOM,PFEE,EID_DOC,EID_NUR) values (99,to_date('13-JUN-19','DD-MON-RR'),to_date('23-JUN-19','DD-MON-RR'),'sick',12,110,1752025,1752255);
Insert into SYSTEM.INPATIENT (PID_IN,PADMISSIONDATE,PDISCHARGEDATE,PDIAGNOSIS,PSICKROOM,PFEE,EID_DOC,EID_NUR) values (98,to_date('13-MAY-19','DD-MON-RR'),to_date('13-MAY-19','DD-MON-RR'),'sick',12,22,1752025,1752255);
Insert into SYSTEM.INPATIENT (PID_IN,PADMISSIONDATE,PDISCHARGEDATE,PDIAGNOSIS,PSICKROOM,PFEE,EID_DOC,EID_NUR) values (15,to_date('20-OCT-19','DD-MON-RR'),to_date('20-OCT-19','DD-MON-RR'),'normal',45,500,1752000,1752290);
REM INSERTING into SYSTEM.MEDICATION
SET DEFINE OFF;
Insert into SYSTEM.MEDICATION (MID,MNAME,MEFFECTS,MPRICE) values (78,'A','H',150);
Insert into SYSTEM.MEDICATION (MID,MNAME,MEFFECTS,MPRICE) values (79,'S','J',160);
Insert into SYSTEM.MEDICATION (MID,MNAME,MEFFECTS,MPRICE) values (80,'D','K',170);
Insert into SYSTEM.MEDICATION (MID,MNAME,MEFFECTS,MPRICE) values (81,'F','L',180);
REM INSERTING into SYSTEM.NURSE
SET DEFINE OFF;
Insert into SYSTEM.NURSE (EID_NUR) values (1752255);
Insert into SYSTEM.NURSE (EID_NUR) values (1752267);
Insert into SYSTEM.NURSE (EID_NUR) values (1752290);
Insert into SYSTEM.NURSE (EID_NUR) values (1752567);
REM INSERTING into SYSTEM.OUTPATIENT
SET DEFINE OFF;
Insert into SYSTEM.OUTPATIENT (PID_OUT,EID_DOC) values (5,1752025);
Insert into SYSTEM.OUTPATIENT (PID_OUT,EID_DOC) values (6,1752159);
Insert into SYSTEM.OUTPATIENT (PID_OUT,EID_DOC) values (7,1752025);
Insert into SYSTEM.OUTPATIENT (PID_OUT,EID_DOC) values (8,1752159);
Insert into SYSTEM.OUTPATIENT (PID_OUT,EID_DOC) values (19,1752025);
Insert into SYSTEM.OUTPATIENT (PID_OUT,EID_DOC) values (14,1752000);
REM INSERTING into SYSTEM.PATIENT
SET DEFINE OFF;
Insert into SYSTEM.PATIENT (PID,PFNAME,PLNAME,PDOB,PGENDER,PPHONE,PADDRESS) values (5,'A','Q',to_date('01-MAY-99','DD-MON-RR'),'M',1,'zx');
Insert into SYSTEM.PATIENT (PID,PFNAME,PLNAME,PDOB,PGENDER,PPHONE,PADDRESS) values (6,'B','W',to_date('02-MAY-99','DD-MON-RR'),'M',2,'zc');
Insert into SYSTEM.PATIENT (PID,PFNAME,PLNAME,PDOB,PGENDER,PPHONE,PADDRESS) values (7,'C','E',to_date('03-MAY-99','DD-MON-RR'),'M',3,'zv');
Insert into SYSTEM.PATIENT (PID,PFNAME,PLNAME,PDOB,PGENDER,PPHONE,PADDRESS) values (8,'D','R',to_date('04-MAY-99','DD-MON-RR'),'M',4,'zb');
Insert into SYSTEM.PATIENT (PID,PFNAME,PLNAME,PDOB,PGENDER,PPHONE,PADDRESS) values (9,'E','T',to_date('05-MAY-99','DD-MON-RR'),'F',5,'zn');
Insert into SYSTEM.PATIENT (PID,PFNAME,PLNAME,PDOB,PGENDER,PPHONE,PADDRESS) values (10,'F','Y',to_date('06-MAY-99','DD-MON-RR'),'F',6,'zm');
Insert into SYSTEM.PATIENT (PID,PFNAME,PLNAME,PDOB,PGENDER,PPHONE,PADDRESS) values (11,'G','U',to_date('07-MAY-99','DD-MON-RR'),'F',7,'za');
Insert into SYSTEM.PATIENT (PID,PFNAME,PLNAME,PDOB,PGENDER,PPHONE,PADDRESS) values (12,'H','I',to_date('08-MAY-99','DD-MON-RR'),'F',8,'zs');
Insert into SYSTEM.PATIENT (PID,PFNAME,PLNAME,PDOB,PGENDER,PPHONE,PADDRESS) values (13,'V','T',to_date('28-MAY-19','DD-MON-RR'),'M',9,'zl');
Insert into SYSTEM.PATIENT (PID,PFNAME,PLNAME,PDOB,PGENDER,PPHONE,PADDRESS) values (15,'M','B',to_date('20-OCT-99','DD-MON-RR'),'F',56,'zx');
Insert into SYSTEM.PATIENT (PID,PFNAME,PLNAME,PDOB,PGENDER,PPHONE,PADDRESS) values (16,'s','d',to_date('12-MAY-99','DD-MON-RR'),'m',12,'s');
Insert into SYSTEM.PATIENT (PID,PFNAME,PLNAME,PDOB,PGENDER,PPHONE,PADDRESS) values (32,'G','B',to_date('23-FEB-99','DD-MON-RR'),'M',19,'zm');
Insert into SYSTEM.PATIENT (PID,PFNAME,PLNAME,PDOB,PGENDER,PPHONE,PADDRESS) values (99,'A','G',to_date('13-MAY-99','DD-MON-RR'),'M',12,'za');
Insert into SYSTEM.PATIENT (PID,PFNAME,PLNAME,PDOB,PGENDER,PPHONE,PADDRESS) values (98,'K','H',to_date('13-MAY-99','DD-MON-RR'),'M',12,'za');
Insert into SYSTEM.PATIENT (PID,PFNAME,PLNAME,PDOB,PGENDER,PPHONE,PADDRESS) values (19,'K','J',to_date('12-APR-99','DD-MON-RR'),'M',5,'zc');
Insert into SYSTEM.PATIENT (PID,PFNAME,PLNAME,PDOB,PGENDER,PPHONE,PADDRESS) values (14,'L','K',to_date('23-APR-99','DD-MON-RR'),'M',30,'zm');
REM INSERTING into SYSTEM.TREATMENT
SET DEFINE OFF;
Insert into SYSTEM.TREATMENT (EID_DOC,PID_IN,TRID,TRSTART,TREND,TRRESULT) values (1752259,9,19,to_date('01-MAY-19','DD-MON-RR'),to_date('31-MAY-19','DD-MON-RR'),'normal');
Insert into SYSTEM.TREATMENT (EID_DOC,PID_IN,TRID,TRSTART,TREND,TRRESULT) values (1752015,10,20,to_date('01-MAY-19','DD-MON-RR'),to_date('31-MAY-19','DD-MON-RR'),'normal');
Insert into SYSTEM.TREATMENT (EID_DOC,PID_IN,TRID,TRSTART,TREND,TRRESULT) values (1752259,11,21,to_date('01-MAY-19','DD-MON-RR'),to_date('31-MAY-19','DD-MON-RR'),'normal');
Insert into SYSTEM.TREATMENT (EID_DOC,PID_IN,TRID,TRSTART,TREND,TRRESULT) values (1752000,12,22,to_date('01-MAY-19','DD-MON-RR'),to_date('31-MAY-19','DD-MON-RR'),'normal');
Insert into SYSTEM.TREATMENT (EID_DOC,PID_IN,TRID,TRSTART,TREND,TRRESULT) values (1752025,13,23,to_date('27-MAY-19','DD-MON-RR'),to_date('27-MAY-19','DD-MON-RR'),'really sick');
Insert into SYSTEM.TREATMENT (EID_DOC,PID_IN,TRID,TRSTART,TREND,TRRESULT) values (1752025,32,25,to_date('26-FEB-19','DD-MON-RR'),to_date('27-FEB-19','DD-MON-RR'),'normal');
Insert into SYSTEM.TREATMENT (EID_DOC,PID_IN,TRID,TRSTART,TREND,TRRESULT) values (1752025,99,16,to_date('13-JUN-19','DD-MON-RR'),to_date('11-JUN-19','DD-MON-RR'),'normal');
Insert into SYSTEM.TREATMENT (EID_DOC,PID_IN,TRID,TRSTART,TREND,TRRESULT) values (1752025,98,14,to_date('13-MAY-19','DD-MON-RR'),to_date('13-MAY-19','DD-MON-RR'),'Normal');
Insert into SYSTEM.TREATMENT (EID_DOC,PID_IN,TRID,TRSTART,TREND,TRRESULT) values (1752025,98,15,to_date('13-MAY-19','DD-MON-RR'),to_date('13-MAY-19','DD-MON-RR'),'normal');
Insert into SYSTEM.TREATMENT (EID_DOC,PID_IN,TRID,TRSTART,TREND,TRRESULT) values (1752025,10,17,to_date('15-MAY-19','DD-MON-RR'),to_date('15-MAY-19','DD-MON-RR'),'normal');
Insert into SYSTEM.TREATMENT (EID_DOC,PID_IN,TRID,TRSTART,TREND,TRRESULT) values (1752000,15,21,to_date('20-OCT-19','DD-MON-RR'),to_date('20-OCT-19','DD-MON-RR'),'normal');
Insert into SYSTEM.TREATMENT (EID_DOC,PID_IN,TRID,TRSTART,TREND,TRRESULT) values (1752025,16,23,to_date('12-MAY-99','DD-MON-RR'),to_date('12-MAY-99','DD-MON-RR'),'80');
REM INSERTING into SYSTEM.USES_EXAM
SET DEFINE OFF;
Insert into SYSTEM.USES_EXAM (EID_DOC,PID_OUT,EXID,MID) values (1752000,14,23,80);
Insert into SYSTEM.USES_EXAM (EID_DOC,PID_OUT,EXID,MID) values (1752025,5,15,78);
Insert into SYSTEM.USES_EXAM (EID_DOC,PID_OUT,EXID,MID) values (1752025,7,17,80);
Insert into SYSTEM.USES_EXAM (EID_DOC,PID_OUT,EXID,MID) values (1752025,19,20,80);
Insert into SYSTEM.USES_EXAM (EID_DOC,PID_OUT,EXID,MID) values (1752025,19,20,81);
Insert into SYSTEM.USES_EXAM (EID_DOC,PID_OUT,EXID,MID) values (1752159,6,16,79);
Insert into SYSTEM.USES_EXAM (EID_DOC,PID_OUT,EXID,MID) values (1752159,8,19,81);
REM INSERTING into SYSTEM.USES_TREAT
SET DEFINE OFF;
Insert into SYSTEM.USES_TREAT (EID_DOC,PID_IN,TRID,MID) values (1752000,12,22,81);
Insert into SYSTEM.USES_TREAT (EID_DOC,PID_IN,TRID,MID) values (1752000,15,21,80);
Insert into SYSTEM.USES_TREAT (EID_DOC,PID_IN,TRID,MID) values (1752015,10,20,79);
Insert into SYSTEM.USES_TREAT (EID_DOC,PID_IN,TRID,MID) values (1752025,13,23,80);
Insert into SYSTEM.USES_TREAT (EID_DOC,PID_IN,TRID,MID) values (1752025,13,23,81);
Insert into SYSTEM.USES_TREAT (EID_DOC,PID_IN,TRID,MID) values (1752025,16,23,80);
Insert into SYSTEM.USES_TREAT (EID_DOC,PID_IN,TRID,MID) values (1752025,98,14,81);
Insert into SYSTEM.USES_TREAT (EID_DOC,PID_IN,TRID,MID) values (1752259,9,19,78);
Insert into SYSTEM.USES_TREAT (EID_DOC,PID_IN,TRID,MID) values (1752259,11,21,80);
